{
  "project_info": {
    "project_number": "545157948606",
    "project_id": "mechanickoi-9eab1",
    "storage_bucket": "mechanickoi-9eab1.appspot.com"
  },
  "client": [
    {
      "client_info": {
        "mobilesdk_app_id": "1:545157948606:android:970d053418084997ed2aef",
        "android_client_info": {
          "package_name": "com.example.mechanic_koi"
        }
      },
      "oauth_client": [
        {
          "client_id": "545157948606-3o3hm7isv2ajbj1l1rb0hj09il1344fj.apps.googleusercontent.com",
          "client_type": 1,
          "android_info": {
            "package_name": "com.example.mechanic_koi",
            "certificate_hash": "e6866828c502bc343071bd38f501dbb16f7d708d"
          }
        },
        {
          "client_id": "545157948606-meug2qskodtuqflmg9a206q23he8jptj.apps.googleusercontent.com",
          "client_type": 3
        }
      ],
      "api_key": [
        {
          "current_key": "AIzaSyDy1KCjOYTOP5vhx0NGcEniZNl6nsExZdY"
        }
      ],
      "services": {
        "appinvite_service": {
          "other_platform_oauth_client": [
            {
              "client_id": "545157948606-meug2qskodtuqflmg9a206q23he8jptj.apps.googleusercontent.com",
              "client_type": 3
            }
          ]
        }
      }
    },
    {
      "client_info": {
        "mobilesdk_app_id": "1:545157948606:android:c145fe2b214b3830ed2aef",
        "android_client_info": {
          "package_name": "com.example.mechanic_koi_admin"
        }
      },
      "oauth_client": [
        {
          "client_id": "545157948606-lni9v4vp3ht9q0a3jrehj7vm0jgd118n.apps.googleusercontent.com",
          "client_type": 1,
          "android_info": {
            "package_name": "com.example.mechanic_koi_admin",
            "certificate_hash": "e6866828c502bc343071bd38f501dbb16f7d708d"
          }
        },
        {
          "client_id": "545157948606-meug2qskodtuqflmg9a206q23he8jptj.apps.googleusercontent.com",
          "client_type": 3
        }
      ],
      "api_key": [
        {
          "current_key": "AIzaSyDy1KCjOYTOP5vhx0NGcEniZNl6nsExZdY"
        }
      ],
      "services": {
        "appinvite_service": {
          "other_platform_oauth_client": [
            {
              "client_id": "545157948606-meug2qskodtuqflmg9a206q23he8jptj.apps.googleusercontent.com",
              "client_type": 3
            }
          ]
        }
      }
    }
  ],
  "configuration_version": "1"
}